faixa_rendimento,total_afastados,total_trabalhadores,pct_afastados
Abaixo de 1000,4233,19132,22.125235208028435
Acima de 3000,68251,1047378,6.5163675387491429
1000-3000,10885,48232,22.568004644219606